,CSV,N_Fold,N_Feat,Validation,Model,N_Class,Acc_Test,SD_Test
0,EEG_Q39M69N100,5,2,LOO,RFC,2,0.7058823529411765,0.46966821831386213
1,EEG_Q39M69N100,5,2,LOO,RFC,3,0.35294117647058826,0.49259218307188896
2,EEG_Q39M69N100,5,2,LOO,LOG,2,0.6470588235294118,0.492592183071889
3,EEG_Q39M69N100,5,2,LOO,LOG,3,0.0,0.0
4,EEG_Q39M69N100,5,2,LOO,SVC,2,0.6470588235294118,0.492592183071889
5,EEG_Q39M69N100,5,2,LOO,SVC,3,0.0,0.0
6,EEG_Q39M69N100,5,2,80:20,RFC,2,0.6,0.5477225575051661
7,EEG_Q39M69N100,5,2,80:20,RFC,3,0.26666666666666666,0.2788866755113585
8,EEG_Q39M69N100,5,2,80:20,LOG,2,0.6,0.3651483716701107
9,EEG_Q39M69N100,5,2,80:20,LOG,3,0.06666666666666667,0.14907119849998599
10,EEG_Q39M69N100,5,2,80:20,SVC,2,0.6,0.3651483716701107
11,EEG_Q39M69N100,5,2,80:20,SVC,3,0.06666666666666667,0.14907119849998599
12,EEG_Q39M69N100,5,2,70:30,RFC,2,0.64,0.21908902300206645
13,EEG_Q39M69N100,5,2,70:30,RFC,3,0.24000000000000002,0.16733200530681513
14,EEG_Q39M69N100,5,2,70:30,LOG,2,0.64,0.260768096208106
15,EEG_Q39M69N100,5,2,70:30,LOG,3,0.12000000000000001,0.10954451150103323
16,EEG_Q39M69N100,5,2,70:30,SVC,2,0.64,0.260768096208106
17,EEG_Q39M69N100,5,2,70:30,SVC,3,0.12000000000000001,0.10954451150103323
18,EEG_Q39M69N100,5,4,LOO,RFC,2,0.4117647058823529,0.5072996561958923
19,EEG_Q39M69N100,5,4,LOO,RFC,3,0.29411764705882354,0.4696682183138621
20,EEG_Q39M69N100,5,4,LOO,LOG,2,0.5294117647058824,0.5144957554275266
21,EEG_Q39M69N100,5,4,LOO,LOG,3,0.35294117647058826,0.49259218307188896
22,EEG_Q39M69N100,5,4,LOO,SVC,2,0.47058823529411764,0.5144957554275266
23,EEG_Q39M69N100,5,4,LOO,SVC,3,0.4117647058823529,0.5072996561958923
24,EEG_Q39M69N100,5,4,80:20,RFC,2,0.26666666666666666,0.2788866755113585
25,EEG_Q39M69N100,5,4,80:20,RFC,3,0.13333333333333333,0.18257418583505536
26,EEG_Q39M69N100,5,4,80:20,LOG,2,0.5333333333333333,0.2981423969999719
27,EEG_Q39M69N100,5,4,80:20,LOG,3,0.13333333333333333,0.18257418583505536
28,EEG_Q39M69N100,5,4,80:20,SVC,2,0.39999999999999997,0.2788866755113585
29,EEG_Q39M69N100,5,4,80:20,SVC,3,0.13333333333333333,0.18257418583505536
30,EEG_Q39M69N100,5,4,70:30,RFC,2,0.48000000000000004,0.2280350850198276
31,EEG_Q39M69N100,5,4,70:30,RFC,3,0.28,0.22803508501982758
32,EEG_Q39M69N100,5,4,70:30,LOG,2,0.68,0.1788854381999832
33,EEG_Q39M69N100,5,4,70:30,LOG,3,0.32,0.17888543819998315
34,EEG_Q39M69N100,5,4,70:30,SVC,2,0.6,0.2
35,EEG_Q39M69N100,5,4,70:30,SVC,3,0.28,0.10954451150103323
36,EEG_Q39M69N100,5,6,LOO,RFC,2,0.47058823529411764,0.5144957554275266
37,EEG_Q39M69N100,5,6,LOO,RFC,3,0.29411764705882354,0.4696682183138621
38,EEG_Q39M69N100,5,6,LOO,LOG,2,0.5294117647058824,0.5144957554275266
39,EEG_Q39M69N100,5,6,LOO,LOG,3,0.29411764705882354,0.4696682183138621
40,EEG_Q39M69N100,5,6,LOO,SVC,2,0.5294117647058824,0.5144957554275266
41,EEG_Q39M69N100,5,6,LOO,SVC,3,0.4117647058823529,0.5072996561958923
42,EEG_Q39M69N100,5,6,80:20,RFC,2,0.26666666666666666,0.14907119849998596
43,EEG_Q39M69N100,5,6,80:20,RFC,3,0.06666666666666667,0.14907119849998599
44,EEG_Q39M69N100,5,6,80:20,LOG,2,0.5333333333333333,0.2981423969999719
45,EEG_Q39M69N100,5,6,80:20,LOG,3,0.13333333333333333,0.18257418583505536
46,EEG_Q39M69N100,5,6,80:20,SVC,2,0.39999999999999997,0.2788866755113585
47,EEG_Q39M69N100,5,6,80:20,SVC,3,0.13333333333333333,0.18257418583505536
48,EEG_Q39M69N100,5,6,70:30,RFC,2,0.52,0.17888543819998318
49,EEG_Q39M69N100,5,6,70:30,RFC,3,0.28,0.10954451150103323
50,EEG_Q39M69N100,5,6,70:30,LOG,2,0.68,0.1788854381999832
51,EEG_Q39M69N100,5,6,70:30,LOG,3,0.28,0.10954451150103323
52,EEG_Q39M69N100,5,6,70:30,SVC,2,0.56,0.16733200530681513
53,EEG_Q39M69N100,5,6,70:30,SVC,3,0.28,0.10954451150103323
54,EEG_Q39M69N100,5,8,LOO,RFC,2,0.47058823529411764,0.5144957554275266
55,EEG_Q39M69N100,5,8,LOO,RFC,3,0.4117647058823529,0.5072996561958923
56,EEG_Q39M69N100,5,8,LOO,LOG,2,0.5294117647058824,0.5144957554275266
57,EEG_Q39M69N100,5,8,LOO,LOG,3,0.17647058823529413,0.3929526239966879
58,EEG_Q39M69N100,5,8,LOO,SVC,2,0.6470588235294118,0.492592183071889
59,EEG_Q39M69N100,5,8,LOO,SVC,3,0.11764705882352941,0.3321055820775357
60,EEG_Q39M69N100,5,8,80:20,RFC,2,0.26666666666666666,0.14907119849998596
61,EEG_Q39M69N100,5,8,80:20,RFC,3,0.06666666666666667,0.14907119849998599
62,EEG_Q39M69N100,5,8,80:20,LOG,2,0.5333333333333333,0.2981423969999719
63,EEG_Q39M69N100,5,8,80:20,LOG,3,0.13333333333333333,0.29814239699997197
64,EEG_Q39M69N100,5,8,80:20,SVC,2,0.5333333333333333,0.2981423969999719
65,EEG_Q39M69N100,5,8,80:20,SVC,3,0.06666666666666667,0.14907119849998599
66,EEG_Q39M69N100,5,8,70:30,RFC,2,0.56,0.16733200530681513
67,EEG_Q39M69N100,5,8,70:30,RFC,3,0.32,0.30331501776206204
68,EEG_Q39M69N100,5,8,70:30,LOG,2,0.64,0.21908902300206645
69,EEG_Q39M69N100,5,8,70:30,LOG,3,0.32,0.17888543819998315
70,EEG_Q39M69N100,5,8,70:30,SVC,2,0.52,0.1095445115010332
71,EEG_Q39M69N100,5,8,70:30,SVC,3,0.28,0.10954451150103323
72,EEG_Q39M69N100,5,10,LOO,RFC,2,0.4117647058823529,0.5072996561958923
73,EEG_Q39M69N100,5,10,LOO,RFC,3,0.23529411764705882,0.4372373160976031
74,EEG_Q39M69N100,5,10,LOO,LOG,2,0.47058823529411764,0.5144957554275266
75,EEG_Q39M69N100,5,10,LOO,LOG,3,0.17647058823529413,0.3929526239966879
76,EEG_Q39M69N100,5,10,LOO,SVC,2,0.5294117647058824,0.5144957554275266
77,EEG_Q39M69N100,5,10,LOO,SVC,3,0.11764705882352941,0.3321055820775357
78,EEG_Q39M69N100,5,10,80:20,RFC,2,0.26666666666666666,0.2788866755113585
79,EEG_Q39M69N100,5,10,80:20,RFC,3,0.13333333333333333,0.18257418583505536
80,EEG_Q39M69N100,5,10,80:20,LOG,2,0.4666666666666666,0.2981423969999719
81,EEG_Q39M69N100,5,10,80:20,LOG,3,0.06666666666666667,0.14907119849998599
82,EEG_Q39M69N100,5,10,80:20,SVC,2,0.4666666666666666,0.2981423969999719
83,EEG_Q39M69N100,5,10,80:20,SVC,3,0.06666666666666667,0.14907119849998599
84,EEG_Q39M69N100,5,10,70:30,RFC,2,0.48000000000000004,0.17888543819998318
85,EEG_Q39M69N100,5,10,70:30,RFC,3,0.32,0.22803508501982758
86,EEG_Q39M69N100,5,10,70:30,LOG,2,0.64,0.16733200530681513
87,EEG_Q39M69N100,5,10,70:30,LOG,3,0.28,0.22803508501982758
88,EEG_Q39M69N100,5,10,70:30,SVC,2,0.56,0.16733200530681513
89,EEG_Q39M69N100,5,10,70:30,SVC,3,0.24000000000000002,0.16733200530681513
90,EEG_Q39M69N100,10,2,LOO,RFC,2,0.7058823529411765,0.46966821831386213
91,EEG_Q39M69N100,10,2,LOO,RFC,3,0.35294117647058826,0.49259218307188896
92,EEG_Q39M69N100,10,2,LOO,LOG,2,0.6470588235294118,0.492592183071889
93,EEG_Q39M69N100,10,2,LOO,LOG,3,0.0,0.0
94,EEG_Q39M69N100,10,2,LOO,SVC,2,0.6470588235294118,0.492592183071889
95,EEG_Q39M69N100,10,2,LOO,SVC,3,0.0,0.0
96,EEG_Q39M69N100,10,2,80:20,RFC,2,0.7,0.4288946459026396
97,EEG_Q39M69N100,10,2,80:20,RFC,3,0.26666666666666666,0.21081851067789195
98,EEG_Q39M69N100,10,2,80:20,LOG,2,0.6333333333333333,0.24595492912420727
99,EEG_Q39M69N100,10,2,80:20,LOG,3,0.19999999999999998,0.23306863292670035
100,EEG_Q39M69N100,10,2,80:20,SVC,2,0.6333333333333333,0.24595492912420727
101,EEG_Q39M69N100,10,2,80:20,SVC,3,0.16666666666666666,0.17568209223157663
102,EEG_Q39M69N100,10,2,70:30,RFC,2,0.64,0.1837873166945363
103,EEG_Q39M69N100,10,2,70:30,RFC,3,0.26,0.1646545204697129
104,EEG_Q39M69N100,10,2,70:30,LOG,2,0.64,0.2065591117977289
105,EEG_Q39M69N100,10,2,70:30,LOG,3,0.22,0.17511900715418263
106,EEG_Q39M69N100,10,2,70:30,SVC,2,0.64,0.2065591117977289
107,EEG_Q39M69N100,10,2,70:30,SVC,3,0.2,0.13333333333333336
108,EEG_Q39M69N100,10,4,LOO,RFC,2,0.4117647058823529,0.5072996561958923
109,EEG_Q39M69N100,10,4,LOO,RFC,3,0.29411764705882354,0.4696682183138621
110,EEG_Q39M69N100,10,4,LOO,LOG,2,0.5294117647058824,0.5144957554275266
111,EEG_Q39M69N100,10,4,LOO,LOG,3,0.35294117647058826,0.49259218307188896
112,EEG_Q39M69N100,10,4,LOO,SVC,2,0.47058823529411764,0.5144957554275266
113,EEG_Q39M69N100,10,4,LOO,SVC,3,0.4117647058823529,0.5072996561958923
114,EEG_Q39M69N100,10,4,80:20,RFC,2,0.39999999999999997,0.3063121944908938
115,EEG_Q39M69N100,10,4,80:20,RFC,3,0.26666666666666666,0.2629368792488718
116,EEG_Q39M69N100,10,4,80:20,LOG,2,0.6,0.2629368792488718
117,EEG_Q39M69N100,10,4,80:20,LOG,3,0.2333333333333333,0.2249828525701843
118,EEG_Q39M69N100,10,4,80:20,SVC,2,0.5,0.23570226039551584
119,EEG_Q39M69N100,10,4,80:20,SVC,3,0.2333333333333333,0.2249828525701843
120,EEG_Q39M69N100,10,4,70:30,RFC,2,0.46,0.2503331114069145
121,EEG_Q39M69N100,10,4,70:30,RFC,3,0.32,0.23475755815545343
122,EEG_Q39M69N100,10,4,70:30,LOG,2,0.64,0.15776212754932312
123,EEG_Q39M69N100,10,4,70:30,LOG,3,0.32,0.16865480854231354
124,EEG_Q39M69N100,10,4,70:30,SVC,2,0.52,0.19321835661585918
125,EEG_Q39M69N100,10,4,70:30,SVC,3,0.36,0.1577621275493231
126,EEG_Q39M69N100,10,6,LOO,RFC,2,0.47058823529411764,0.5144957554275266
127,EEG_Q39M69N100,10,6,LOO,RFC,3,0.29411764705882354,0.4696682183138621
128,EEG_Q39M69N100,10,6,LOO,LOG,2,0.5294117647058824,0.5144957554275266
129,EEG_Q39M69N100,10,6,LOO,LOG,3,0.29411764705882354,0.4696682183138621
130,EEG_Q39M69N100,10,6,LOO,SVC,2,0.5294117647058824,0.5144957554275266
131,EEG_Q39M69N100,10,6,LOO,SVC,3,0.4117647058823529,0.5072996561958923
132,EEG_Q39M69N100,10,6,80:20,RFC,2,0.4333333333333333,0.27442420078285484
133,EEG_Q39M69N100,10,6,80:20,RFC,3,0.26666666666666666,0.3063121944908938
134,EEG_Q39M69N100,10,6,80:20,LOG,2,0.5333333333333333,0.23306863292670033
135,EEG_Q39M69N100,10,6,80:20,LOG,3,0.2333333333333333,0.2249828525701843
136,EEG_Q39M69N100,10,6,80:20,SVC,2,0.5,0.23570226039551584
137,EEG_Q39M69N100,10,6,80:20,SVC,3,0.2333333333333333,0.2249828525701843
138,EEG_Q39M69N100,10,6,70:30,RFC,2,0.48,0.214993539954628
139,EEG_Q39M69N100,10,6,70:30,RFC,3,0.28,0.13984117975602023
140,EEG_Q39M69N100,10,6,70:30,LOG,2,0.64,0.15776212754932312
141,EEG_Q39M69N100,10,6,70:30,LOG,3,0.30000000000000004,0.10540925533894598
142,EEG_Q39M69N100,10,6,70:30,SVC,2,0.54,0.13498971154211056
143,EEG_Q39M69N100,10,6,70:30,SVC,3,0.36,0.1577621275493231
144,EEG_Q39M69N100,10,8,LOO,RFC,2,0.47058823529411764,0.5144957554275266
145,EEG_Q39M69N100,10,8,LOO,RFC,3,0.4117647058823529,0.5072996561958923
146,EEG_Q39M69N100,10,8,LOO,LOG,2,0.5294117647058824,0.5144957554275266
147,EEG_Q39M69N100,10,8,LOO,LOG,3,0.17647058823529413,0.3929526239966879
148,EEG_Q39M69N100,10,8,LOO,SVC,2,0.6470588235294118,0.492592183071889
149,EEG_Q39M69N100,10,8,LOO,SVC,3,0.11764705882352941,0.3321055820775357
150,EEG_Q39M69N100,10,8,80:20,RFC,2,0.5,0.32394177193585
151,EEG_Q39M69N100,10,8,80:20,RFC,3,0.26666666666666666,0.3063121944908938
152,EEG_Q39M69N100,10,8,80:20,LOG,2,0.5,0.23570226039551584
153,EEG_Q39M69N100,10,8,80:20,LOG,3,0.16666666666666666,0.28327886186626583
154,EEG_Q39M69N100,10,8,80:20,SVC,2,0.6,0.21081851067789195
155,EEG_Q39M69N100,10,8,80:20,SVC,3,0.13333333333333333,0.17213259316477408
156,EEG_Q39M69N100,10,8,70:30,RFC,2,0.58,0.23944379994757295
157,EEG_Q39M69N100,10,8,70:30,RFC,3,0.36,0.2270584848790187
158,EEG_Q39M69N100,10,8,70:30,LOG,2,0.6,0.1885618083164127
159,EEG_Q39M69N100,10,8,70:30,LOG,3,0.36,0.1577621275493231
160,EEG_Q39M69N100,10,8,70:30,SVC,2,0.5,0.10540925533894596
161,EEG_Q39M69N100,10,8,70:30,SVC,3,0.3,0.1414213562373095
162,EEG_Q39M69N100,10,10,LOO,RFC,2,0.4117647058823529,0.5072996561958923
163,EEG_Q39M69N100,10,10,LOO,RFC,3,0.23529411764705882,0.4372373160976031
164,EEG_Q39M69N100,10,10,LOO,LOG,2,0.47058823529411764,0.5144957554275266
165,EEG_Q39M69N100,10,10,LOO,LOG,3,0.17647058823529413,0.3929526239966879
166,EEG_Q39M69N100,10,10,LOO,SVC,2,0.5294117647058824,0.5144957554275266
167,EEG_Q39M69N100,10,10,LOO,SVC,3,0.11764705882352941,0.3321055820775357
168,EEG_Q39M69N100,10,10,80:20,RFC,2,0.39999999999999997,0.2629368792488718
169,EEG_Q39M69N100,10,10,80:20,RFC,3,0.2333333333333333,0.27442420078285484
170,EEG_Q39M69N100,10,10,80:20,LOG,2,0.5,0.23570226039551584
171,EEG_Q39M69N100,10,10,80:20,LOG,3,0.16666666666666666,0.23570226039551584
172,EEG_Q39M69N100,10,10,80:20,SVC,2,0.5666666666666667,0.2249828525701843
173,EEG_Q39M69N100,10,10,80:20,SVC,3,0.09999999999999999,0.16101529717988264
174,EEG_Q39M69N100,10,10,70:30,RFC,2,0.44,0.24585451886114368
175,EEG_Q39M69N100,10,10,70:30,RFC,3,0.32,0.19321835661585918
176,EEG_Q39M69N100,10,10,70:30,LOG,2,0.62,0.14757295747452437
177,EEG_Q39M69N100,10,10,70:30,LOG,3,0.36,0.18378731669453627
178,EEG_Q39M69N100,10,10,70:30,SVC,2,0.48,0.214993539954628
179,EEG_Q39M69N100,10,10,70:30,SVC,3,0.3,0.1699673171197595
180,EEG_Q39S69N100,5,2,LOO,RFC,2,0.5882352941176471,0.5072996561958923
181,EEG_Q39S69N100,5,2,LOO,RFC,3,0.35294117647058826,0.49259218307188896
182,EEG_Q39S69N100,5,2,LOO,LOG,2,0.6470588235294118,0.492592183071889
183,EEG_Q39S69N100,5,2,LOO,LOG,3,0.0,0.0
184,EEG_Q39S69N100,5,2,LOO,SVC,2,0.6470588235294118,0.492592183071889
185,EEG_Q39S69N100,5,2,LOO,SVC,3,0.0,0.0
186,EEG_Q39S69N100,5,2,80:20,RFC,2,0.6666666666666666,0.33333333333333337
187,EEG_Q39S69N100,5,2,80:20,RFC,3,0.3333333333333333,0.23570226039551584
188,EEG_Q39S69N100,5,2,80:20,LOG,2,0.6,0.3651483716701107
189,EEG_Q39S69N100,5,2,80:20,LOG,3,0.06666666666666667,0.14907119849998599
190,EEG_Q39S69N100,5,2,80:20,SVC,2,0.6,0.3651483716701107
191,EEG_Q39S69N100,5,2,80:20,SVC,3,0.06666666666666667,0.14907119849998599
192,EEG_Q39S69N100,5,2,70:30,RFC,2,0.6,0.1414213562373095
193,EEG_Q39S69N100,5,2,70:30,RFC,3,0.28,0.17888543819998318
194,EEG_Q39S69N100,5,2,70:30,LOG,2,0.6,0.24494897427831783
195,EEG_Q39S69N100,5,2,70:30,LOG,3,0.24000000000000002,0.3286335345030997
196,EEG_Q39S69N100,5,2,70:30,SVC,2,0.6,0.3464101615137755
197,EEG_Q39S69N100,5,2,70:30,SVC,3,0.12000000000000001,0.10954451150103323
198,EEG_Q39S69N100,5,4,LOO,RFC,2,0.5882352941176471,0.5072996561958923
199,EEG_Q39S69N100,5,4,LOO,RFC,3,0.35294117647058826,0.49259218307188896
200,EEG_Q39S69N100,5,4,LOO,LOG,2,0.6470588235294118,0.492592183071889
201,EEG_Q39S69N100,5,4,LOO,LOG,3,0.0,0.0
202,EEG_Q39S69N100,5,4,LOO,SVC,2,0.6470588235294118,0.492592183071889
203,EEG_Q39S69N100,5,4,LOO,SVC,3,0.0,0.0
204,EEG_Q39S69N100,5,4,80:20,RFC,2,0.6666666666666666,0.33333333333333337
205,EEG_Q39S69N100,5,4,80:20,RFC,3,0.3333333333333333,0.23570226039551584
206,EEG_Q39S69N100,5,4,80:20,LOG,2,0.6,0.3651483716701107
207,EEG_Q39S69N100,5,4,80:20,LOG,3,0.06666666666666667,0.14907119849998599
208,EEG_Q39S69N100,5,4,80:20,SVC,2,0.6,0.3651483716701107
209,EEG_Q39S69N100,5,4,80:20,SVC,3,0.06666666666666667,0.14907119849998599
210,EEG_Q39S69N100,5,4,70:30,RFC,2,0.6,0.1414213562373095
211,EEG_Q39S69N100,5,4,70:30,RFC,3,0.24000000000000002,0.16733200530681513
212,EEG_Q39S69N100,5,4,70:30,LOG,2,0.6,0.24494897427831783
213,EEG_Q39S69N100,5,4,70:30,LOG,3,0.24000000000000002,0.3286335345030997
214,EEG_Q39S69N100,5,4,70:30,SVC,2,0.6,0.3464101615137755
215,EEG_Q39S69N100,5,4,70:30,SVC,3,0.12000000000000001,0.10954451150103323
216,EEG_Q39S69N100,5,6,LOO,RFC,2,0.5294117647058824,0.5144957554275266
217,EEG_Q39S69N100,5,6,LOO,RFC,3,0.29411764705882354,0.4696682183138621
218,EEG_Q39S69N100,5,6,LOO,LOG,2,0.6470588235294118,0.492592183071889
219,EEG_Q39S69N100,5,6,LOO,LOG,3,0.0,0.0
220,EEG_Q39S69N100,5,6,LOO,SVC,2,0.6470588235294118,0.492592183071889
221,EEG_Q39S69N100,5,6,LOO,SVC,3,0.0,0.0
222,EEG_Q39S69N100,5,6,80:20,RFC,2,0.6666666666666666,0.33333333333333337
223,EEG_Q39S69N100,5,6,80:20,RFC,3,0.26666666666666666,0.14907119849998596
224,EEG_Q39S69N100,5,6,80:20,LOG,2,0.6,0.3651483716701107
225,EEG_Q39S69N100,5,6,80:20,LOG,3,0.06666666666666667,0.14907119849998599
226,EEG_Q39S69N100,5,6,80:20,SVC,2,0.6,0.3651483716701107
227,EEG_Q39S69N100,5,6,80:20,SVC,3,0.06666666666666667,0.14907119849998599
228,EEG_Q39S69N100,5,6,70:30,RFC,2,0.56,0.16733200530681513
229,EEG_Q39S69N100,5,6,70:30,RFC,3,0.24,0.260768096208106
230,EEG_Q39S69N100,5,6,70:30,LOG,2,0.64,0.260768096208106
231,EEG_Q39S69N100,5,6,70:30,LOG,3,0.24000000000000002,0.3286335345030997
232,EEG_Q39S69N100,5,6,70:30,SVC,2,0.64,0.260768096208106
233,EEG_Q39S69N100,5,6,70:30,SVC,3,0.12000000000000001,0.10954451150103323
234,EEG_Q39S69N100,5,8,LOO,RFC,2,0.5294117647058824,0.5144957554275266
235,EEG_Q39S69N100,5,8,LOO,RFC,3,0.23529411764705882,0.4372373160976031
236,EEG_Q39S69N100,5,8,LOO,LOG,2,0.6470588235294118,0.492592183071889
237,EEG_Q39S69N100,5,8,LOO,LOG,3,0.058823529411764705,0.24253562503633297
238,EEG_Q39S69N100,5,8,LOO,SVC,2,0.6470588235294118,0.492592183071889
239,EEG_Q39S69N100,5,8,LOO,SVC,3,0.0,0.0
240,EEG_Q39S69N100,5,8,80:20,RFC,2,0.6,0.27888667551135854
241,EEG_Q39S69N100,5,8,80:20,RFC,3,0.26666666666666666,0.14907119849998596
242,EEG_Q39S69N100,5,8,80:20,LOG,2,0.6,0.3651483716701107
243,EEG_Q39S69N100,5,8,80:20,LOG,3,0.06666666666666667,0.14907119849998599
244,EEG_Q39S69N100,5,8,80:20,SVC,2,0.6,0.3651483716701107
245,EEG_Q39S69N100,5,8,80:20,SVC,3,0.06666666666666667,0.14907119849998599
246,EEG_Q39S69N100,5,8,70:30,RFC,2,0.6,0.1414213562373095
247,EEG_Q39S69N100,5,8,70:30,RFC,3,0.24,0.260768096208106
248,EEG_Q39S69N100,5,8,70:30,LOG,2,0.6,0.24494897427831783
249,EEG_Q39S69N100,5,8,70:30,LOG,3,0.28,0.30331501776206204
250,EEG_Q39S69N100,5,8,70:30,SVC,2,0.64,0.260768096208106
251,EEG_Q39S69N100,5,8,70:30,SVC,3,0.12000000000000001,0.10954451150103323
252,EEG_Q39S69N100,5,10,LOO,RFC,2,0.5882352941176471,0.5072996561958923
253,EEG_Q39S69N100,5,10,LOO,RFC,3,0.29411764705882354,0.4696682183138621
254,EEG_Q39S69N100,5,10,LOO,LOG,2,0.6470588235294118,0.492592183071889
255,EEG_Q39S69N100,5,10,LOO,LOG,3,0.058823529411764705,0.24253562503633297
256,EEG_Q39S69N100,5,10,LOO,SVC,2,0.6470588235294118,0.492592183071889
257,EEG_Q39S69N100,5,10,LOO,SVC,3,0.0,0.0
258,EEG_Q39S69N100,5,10,80:20,RFC,2,0.5333333333333333,0.29814239699997197
259,EEG_Q39S69N100,5,10,80:20,RFC,3,0.26666666666666666,0.2788866755113585
260,EEG_Q39S69N100,5,10,80:20,LOG,2,0.6,0.3651483716701107
261,EEG_Q39S69N100,5,10,80:20,LOG,3,0.06666666666666667,0.14907119849998599
262,EEG_Q39S69N100,5,10,80:20,SVC,2,0.6,0.3651483716701107
263,EEG_Q39S69N100,5,10,80:20,SVC,3,0.06666666666666667,0.14907119849998599
264,EEG_Q39S69N100,5,10,70:30,RFC,2,0.64,0.16733200530681513
265,EEG_Q39S69N100,5,10,70:30,RFC,3,0.36,0.2607680962081059
266,EEG_Q39S69N100,5,10,70:30,LOG,2,0.56,0.16733200530681513
267,EEG_Q39S69N100,5,10,70:30,LOG,3,0.28,0.30331501776206204
268,EEG_Q39S69N100,5,10,70:30,SVC,2,0.64,0.260768096208106
269,EEG_Q39S69N100,5,10,70:30,SVC,3,0.12000000000000001,0.10954451150103323
270,EEG_Q39S69N100,10,2,LOO,RFC,2,0.5882352941176471,0.5072996561958923
271,EEG_Q39S69N100,10,2,LOO,RFC,3,0.35294117647058826,0.49259218307188896
272,EEG_Q39S69N100,10,2,LOO,LOG,2,0.6470588235294118,0.492592183071889
273,EEG_Q39S69N100,10,2,LOO,LOG,3,0.0,0.0
274,EEG_Q39S69N100,10,2,LOO,SVC,2,0.6470588235294118,0.492592183071889
275,EEG_Q39S69N100,10,2,LOO,SVC,3,0.0,0.0
276,EEG_Q39S69N100,10,2,80:20,RFC,2,0.6333333333333333,0.29186501192363773
277,EEG_Q39S69N100,10,2,80:20,RFC,3,0.3333333333333333,0.15713484026367722
278,EEG_Q39S69N100,10,2,80:20,LOG,2,0.6333333333333333,0.24595492912420727
279,EEG_Q39S69N100,10,2,80:20,LOG,3,0.16666666666666666,0.17568209223157663
280,EEG_Q39S69N100,10,2,80:20,SVC,2,0.6333333333333333,0.24595492912420727
281,EEG_Q39S69N100,10,2,80:20,SVC,3,0.16666666666666666,0.17568209223157663
282,EEG_Q39S69N100,10,2,70:30,RFC,2,0.56,0.12649110640673517
283,EEG_Q39S69N100,10,2,70:30,RFC,3,0.32,0.19321835661585918
284,EEG_Q39S69N100,10,2,70:30,LOG,2,0.62,0.19888578520235065
285,EEG_Q39S69N100,10,2,70:30,LOG,3,0.26,0.23190036174568116
286,EEG_Q39S69N100,10,2,70:30,SVC,2,0.62,0.2573367875415838
287,EEG_Q39S69N100,10,2,70:30,SVC,3,0.2,0.13333333333333336
288,EEG_Q39S69N100,10,4,LOO,RFC,2,0.5882352941176471,0.5072996561958923
289,EEG_Q39S69N100,10,4,LOO,RFC,3,0.35294117647058826,0.49259218307188896
290,EEG_Q39S69N100,10,4,LOO,LOG,2,0.6470588235294118,0.492592183071889
291,EEG_Q39S69N100,10,4,LOO,LOG,3,0.0,0.0
292,EEG_Q39S69N100,10,4,LOO,SVC,2,0.6470588235294118,0.492592183071889
293,EEG_Q39S69N100,10,4,LOO,SVC,3,0.0,0.0
294,EEG_Q39S69N100,10,4,80:20,RFC,2,0.6333333333333333,0.29186501192363773
295,EEG_Q39S69N100,10,4,80:20,RFC,3,0.36666666666666664,0.18921540406584889
296,EEG_Q39S69N100,10,4,80:20,LOG,2,0.6333333333333333,0.24595492912420727
297,EEG_Q39S69N100,10,4,80:20,LOG,3,0.16666666666666666,0.17568209223157663
298,EEG_Q39S69N100,10,4,80:20,SVC,2,0.6333333333333333,0.24595492912420727
299,EEG_Q39S69N100,10,4,80:20,SVC,3,0.16666666666666666,0.17568209223157663
300,EEG_Q39S69N100,10,4,70:30,RFC,2,0.54,0.13498971154211056
301,EEG_Q39S69N100,10,4,70:30,RFC,3,0.28,0.16865480854231357
302,EEG_Q39S69N100,10,4,70:30,LOG,2,0.62,0.19888578520235065
303,EEG_Q39S69N100,10,4,70:30,LOG,3,0.26,0.23190036174568116
304,EEG_Q39S69N100,10,4,70:30,SVC,2,0.62,0.2573367875415838
305,EEG_Q39S69N100,10,4,70:30,SVC,3,0.2,0.13333333333333336
306,EEG_Q39S69N100,10,6,LOO,RFC,2,0.5294117647058824,0.5144957554275266
307,EEG_Q39S69N100,10,6,LOO,RFC,3,0.29411764705882354,0.4696682183138621
308,EEG_Q39S69N100,10,6,LOO,LOG,2,0.6470588235294118,0.492592183071889
309,EEG_Q39S69N100,10,6,LOO,LOG,3,0.0,0.0
310,EEG_Q39S69N100,10,6,LOO,SVC,2,0.6470588235294118,0.492592183071889
311,EEG_Q39S69N100,10,6,LOO,SVC,3,0.0,0.0
312,EEG_Q39S69N100,10,6,80:20,RFC,2,0.6333333333333333,0.29186501192363773
313,EEG_Q39S69N100,10,6,80:20,RFC,3,0.3333333333333333,0.15713484026367722
314,EEG_Q39S69N100,10,6,80:20,LOG,2,0.6333333333333333,0.24595492912420727
315,EEG_Q39S69N100,10,6,80:20,LOG,3,0.16666666666666666,0.17568209223157663
316,EEG_Q39S69N100,10,6,80:20,SVC,2,0.6333333333333333,0.24595492912420727
317,EEG_Q39S69N100,10,6,80:20,SVC,3,0.16666666666666666,0.17568209223157663
318,EEG_Q39S69N100,10,6,70:30,RFC,2,0.52,0.1398411797560202
319,EEG_Q39S69N100,10,6,70:30,RFC,3,0.26,0.23190036174568116
320,EEG_Q39S69N100,10,6,70:30,LOG,2,0.64,0.2065591117977289
321,EEG_Q39S69N100,10,6,70:30,LOG,3,0.26,0.23190036174568116
322,EEG_Q39S69N100,10,6,70:30,SVC,2,0.64,0.2065591117977289
323,EEG_Q39S69N100,10,6,70:30,SVC,3,0.2,0.13333333333333336
324,EEG_Q39S69N100,10,8,LOO,RFC,2,0.5294117647058824,0.5144957554275266
325,EEG_Q39S69N100,10,8,LOO,RFC,3,0.23529411764705882,0.4372373160976031
326,EEG_Q39S69N100,10,8,LOO,LOG,2,0.6470588235294118,0.492592183071889
327,EEG_Q39S69N100,10,8,LOO,LOG,3,0.058823529411764705,0.24253562503633297
328,EEG_Q39S69N100,10,8,LOO,SVC,2,0.6470588235294118,0.492592183071889
329,EEG_Q39S69N100,10,8,LOO,SVC,3,0.0,0.0
330,EEG_Q39S69N100,10,8,80:20,RFC,2,0.5666666666666667,0.2249828525701843
331,EEG_Q39S69N100,10,8,80:20,RFC,3,0.36666666666666664,0.24595492912420727
332,EEG_Q39S69N100,10,8,80:20,LOG,2,0.6,0.2629368792488718
333,EEG_Q39S69N100,10,8,80:20,LOG,3,0.16666666666666666,0.17568209223157663
334,EEG_Q39S69N100,10,8,80:20,SVC,2,0.6333333333333333,0.24595492912420727
335,EEG_Q39S69N100,10,8,80:20,SVC,3,0.16666666666666666,0.17568209223157663
336,EEG_Q39S69N100,10,8,70:30,RFC,2,0.56,0.12649110640673517
337,EEG_Q39S69N100,10,8,70:30,RFC,3,0.26,0.23190036174568116
338,EEG_Q39S69N100,10,8,70:30,LOG,2,0.62,0.19888578520235065
339,EEG_Q39S69N100,10,8,70:30,LOG,3,0.28,0.214993539954628
340,EEG_Q39S69N100,10,8,70:30,SVC,2,0.64,0.2065591117977289
341,EEG_Q39S69N100,10,8,70:30,SVC,3,0.2,0.13333333333333336
342,EEG_Q39S69N100,10,10,LOO,RFC,2,0.5882352941176471,0.5072996561958923
343,EEG_Q39S69N100,10,10,LOO,RFC,3,0.29411764705882354,0.4696682183138621
344,EEG_Q39S69N100,10,10,LOO,LOG,2,0.6470588235294118,0.492592183071889
345,EEG_Q39S69N100,10,10,LOO,LOG,3,0.058823529411764705,0.24253562503633297
346,EEG_Q39S69N100,10,10,LOO,SVC,2,0.6470588235294118,0.492592183071889
347,EEG_Q39S69N100,10,10,LOO,SVC,3,0.0,0.0
348,EEG_Q39S69N100,10,10,80:20,RFC,2,0.6,0.2629368792488718
349,EEG_Q39S69N100,10,10,80:20,RFC,3,0.3333333333333333,0.3142696805273545
350,EEG_Q39S69N100,10,10,80:20,LOG,2,0.6,0.2629368792488718
351,EEG_Q39S69N100,10,10,80:20,LOG,3,0.16666666666666666,0.17568209223157663
352,EEG_Q39S69N100,10,10,80:20,SVC,2,0.6333333333333333,0.24595492912420727
353,EEG_Q39S69N100,10,10,80:20,SVC,3,0.16666666666666666,0.17568209223157663
354,EEG_Q39S69N100,10,10,70:30,RFC,2,0.62,0.14757295747452437
355,EEG_Q39S69N100,10,10,70:30,RFC,3,0.32,0.23475755815545343
356,EEG_Q39S69N100,10,10,70:30,LOG,2,0.6,0.16329931618554522
357,EEG_Q39S69N100,10,10,70:30,LOG,3,0.28,0.214993539954628
358,EEG_Q39S69N100,10,10,70:30,SVC,2,0.64,0.2065591117977289
359,EEG_Q39S69N100,10,10,70:30,SVC,3,0.2,0.13333333333333336
360,EEG_Z39M69N100,5,2,LOO,RFC,2,0.5,0.5163977794943222
361,EEG_Z39M69N100,5,2,LOO,RFC,3,0.3125,0.47871355387816905
362,EEG_Z39M69N100,5,2,LOO,LOG,2,0.625,0.5
363,EEG_Z39M69N100,5,2,LOO,LOG,3,0.0625,0.25
364,EEG_Z39M69N100,5,2,LOO,SVC,2,0.4375,0.51234753829798
365,EEG_Z39M69N100,5,2,LOO,SVC,3,0.1875,0.4031128874149275
366,EEG_Z39M69N100,5,2,80:20,RFC,2,0.5333333333333333,0.18257418583505536
367,EEG_Z39M69N100,5,2,80:20,RFC,3,0.26666666666666666,0.2788866755113585
368,EEG_Z39M69N100,5,2,80:20,LOG,2,0.5333333333333333,0.18257418583505536
369,EEG_Z39M69N100,5,2,80:20,LOG,3,0.06666666666666667,0.14907119849998599
370,EEG_Z39M69N100,5,2,80:20,SVC,2,0.5333333333333333,0.18257418583505536
371,EEG_Z39M69N100,5,2,80:20,SVC,3,0.06666666666666667,0.14907119849998599
372,EEG_Z39M69N100,5,2,70:30,RFC,2,0.5,0.1767766952966369
373,EEG_Z39M69N100,5,2,70:30,RFC,3,0.2,0.27386127875258304
374,EEG_Z39M69N100,5,2,70:30,LOG,2,0.6,0.22360679774997896
375,EEG_Z39M69N100,5,2,70:30,LOG,3,0.25,0.0
376,EEG_Z39M69N100,5,2,70:30,SVC,2,0.6,0.13693063937629152
377,EEG_Z39M69N100,5,2,70:30,SVC,3,0.25,0.0
378,EEG_Z39M69N100,5,4,LOO,RFC,2,0.4375,0.51234753829798
379,EEG_Z39M69N100,5,4,LOO,RFC,3,0.3125,0.47871355387816905
380,EEG_Z39M69N100,5,4,LOO,LOG,2,0.625,0.5
381,EEG_Z39M69N100,5,4,LOO,LOG,3,0.0625,0.25
382,EEG_Z39M69N100,5,4,LOO,SVC,2,0.4375,0.51234753829798
383,EEG_Z39M69N100,5,4,LOO,SVC,3,0.125,0.3415650255319866
384,EEG_Z39M69N100,5,4,80:20,RFC,2,0.5333333333333333,0.18257418583505536
385,EEG_Z39M69N100,5,4,80:20,RFC,3,0.26666666666666666,0.14907119849998596
386,EEG_Z39M69N100,5,4,80:20,LOG,2,0.4666666666666666,0.18257418583505536
387,EEG_Z39M69N100,5,4,80:20,LOG,3,0.06666666666666667,0.14907119849998599
388,EEG_Z39M69N100,5,4,80:20,SVC,2,0.3333333333333333,0.23570226039551584
389,EEG_Z39M69N100,5,4,80:20,SVC,3,0.0,0.0
390,EEG_Z39M69N100,5,4,70:30,RFC,2,0.45,0.32596012026013244
391,EEG_Z39M69N100,5,4,70:30,RFC,3,0.15,0.22360679774997896
392,EEG_Z39M69N100,5,4,70:30,LOG,2,0.6,0.22360679774997896
393,EEG_Z39M69N100,5,4,70:30,LOG,3,0.2,0.11180339887498948
394,EEG_Z39M69N100,5,4,70:30,SVC,2,0.5,0.1767766952966369
395,EEG_Z39M69N100,5,4,70:30,SVC,3,0.3,0.27386127875258304
396,EEG_Z39M69N100,5,6,LOO,RFC,2,0.5,0.5163977794943222
397,EEG_Z39M69N100,5,6,LOO,RFC,3,0.25,0.4472135954999579
398,EEG_Z39M69N100,5,6,LOO,LOG,2,0.625,0.5
399,EEG_Z39M69N100,5,6,LOO,LOG,3,0.0625,0.25
400,EEG_Z39M69N100,5,6,LOO,SVC,2,0.4375,0.51234753829798
401,EEG_Z39M69N100,5,6,LOO,SVC,3,0.25,0.4472135954999579
402,EEG_Z39M69N100,5,6,80:20,RFC,2,0.5333333333333333,0.29814239699997197
403,EEG_Z39M69N100,5,6,80:20,RFC,3,0.19999999999999998,0.18257418583505536
404,EEG_Z39M69N100,5,6,80:20,LOG,2,0.4666666666666666,0.18257418583505536
405,EEG_Z39M69N100,5,6,80:20,LOG,3,0.06666666666666667,0.14907119849998599
406,EEG_Z39M69N100,5,6,80:20,SVC,2,0.3333333333333333,0.23570226039551584
407,EEG_Z39M69N100,5,6,80:20,SVC,3,0.13333333333333333,0.18257418583505536
408,EEG_Z39M69N100,5,6,70:30,RFC,2,0.5,0.25
409,EEG_Z39M69N100,5,6,70:30,RFC,3,0.1,0.223606797749979
410,EEG_Z39M69N100,5,6,70:30,LOG,2,0.55,0.27386127875258304
411,EEG_Z39M69N100,5,6,70:30,LOG,3,0.25,0.0
412,EEG_Z39M69N100,5,6,70:30,SVC,2,0.45,0.11180339887498948
413,EEG_Z39M69N100,5,6,70:30,SVC,3,0.35,0.22360679774997896
414,EEG_Z39M69N100,5,8,LOO,RFC,2,0.6875,0.47871355387816905
415,EEG_Z39M69N100,5,8,LOO,RFC,3,0.375,0.5
416,EEG_Z39M69N100,5,8,LOO,LOG,2,0.5,0.5163977794943222
417,EEG_Z39M69N100,5,8,LOO,LOG,3,0.3125,0.47871355387816905
418,EEG_Z39M69N100,5,8,LOO,SVC,2,0.375,0.5
419,EEG_Z39M69N100,5,8,LOO,SVC,3,0.3125,0.47871355387816905
420,EEG_Z39M69N100,5,8,80:20,RFC,2,0.5333333333333333,0.29814239699997197
421,EEG_Z39M69N100,5,8,80:20,RFC,3,0.19999999999999998,0.18257418583505536
422,EEG_Z39M69N100,5,8,80:20,LOG,2,0.4666666666666666,0.18257418583505536
423,EEG_Z39M69N100,5,8,80:20,LOG,3,0.06666666666666667,0.14907119849998599
424,EEG_Z39M69N100,5,8,80:20,SVC,2,0.39999999999999997,0.14907119849998596
425,EEG_Z39M69N100,5,8,80:20,SVC,3,0.13333333333333333,0.18257418583505536
426,EEG_Z39M69N100,5,8,70:30,RFC,2,0.65,0.2850438562747845
427,EEG_Z39M69N100,5,8,70:30,RFC,3,0.35,0.2850438562747845
428,EEG_Z39M69N100,5,8,70:30,LOG,2,0.5,0.1767766952966369
429,EEG_Z39M69N100,5,8,70:30,LOG,3,0.3,0.11180339887498948
430,EEG_Z39M69N100,5,8,70:30,SVC,2,0.5,0.0
431,EEG_Z39M69N100,5,8,70:30,SVC,3,0.2,0.11180339887498948
432,EEG_Z39M69N100,5,10,LOO,RFC,2,0.625,0.5
433,EEG_Z39M69N100,5,10,LOO,RFC,3,0.375,0.5
434,EEG_Z39M69N100,5,10,LOO,LOG,2,0.4375,0.51234753829798
435,EEG_Z39M69N100,5,10,LOO,LOG,3,0.25,0.4472135954999579
436,EEG_Z39M69N100,5,10,LOO,SVC,2,0.4375,0.51234753829798
437,EEG_Z39M69N100,5,10,LOO,SVC,3,0.375,0.5
438,EEG_Z39M69N100,5,10,80:20,RFC,2,0.5333333333333333,0.29814239699997197
439,EEG_Z39M69N100,5,10,80:20,RFC,3,0.19999999999999998,0.18257418583505536
440,EEG_Z39M69N100,5,10,80:20,LOG,2,0.5333333333333333,0.29814239699997197
441,EEG_Z39M69N100,5,10,80:20,LOG,3,0.06666666666666667,0.14907119849998599
442,EEG_Z39M69N100,5,10,80:20,SVC,2,0.39999999999999997,0.14907119849998596
443,EEG_Z39M69N100,5,10,80:20,SVC,3,0.13333333333333333,0.18257418583505536
444,EEG_Z39M69N100,5,10,70:30,RFC,2,0.55,0.32596012026013244
445,EEG_Z39M69N100,5,10,70:30,RFC,3,0.4,0.2850438562747845
446,EEG_Z39M69N100,5,10,70:30,LOG,2,0.6,0.13693063937629152
447,EEG_Z39M69N100,5,10,70:30,LOG,3,0.35,0.13693063937629152
448,EEG_Z39M69N100,5,10,70:30,SVC,2,0.5,0.0
449,EEG_Z39M69N100,5,10,70:30,SVC,3,0.2,0.11180339887498948
450,EEG_Z39M69N100,10,2,LOO,RFC,2,0.5,0.5163977794943222
451,EEG_Z39M69N100,10,2,LOO,RFC,3,0.3125,0.47871355387816905
452,EEG_Z39M69N100,10,2,LOO,LOG,2,0.625,0.5
453,EEG_Z39M69N100,10,2,LOO,LOG,3,0.0625,0.25
454,EEG_Z39M69N100,10,2,LOO,SVC,2,0.4375,0.51234753829798
455,EEG_Z39M69N100,10,2,LOO,SVC,3,0.1875,0.4031128874149275
456,EEG_Z39M69N100,10,2,80:20,RFC,2,0.5666666666666667,0.16101529717988264
457,EEG_Z39M69N100,10,2,80:20,RFC,3,0.3333333333333333,0.2222222222222222
458,EEG_Z39M69N100,10,2,80:20,LOG,2,0.5333333333333333,0.17213259316477408
459,EEG_Z39M69N100,10,2,80:20,LOG,3,0.23333333333333334,0.31622776601683794
460,EEG_Z39M69N100,10,2,80:20,SVC,2,0.4666666666666666,0.23306863292670035
461,EEG_Z39M69N100,10,2,80:20,SVC,3,0.19999999999999998,0.23306863292670035
462,EEG_Z39M69N100,10,2,70:30,RFC,2,0.6,0.21081851067789195
463,EEG_Z39M69N100,10,2,70:30,RFC,3,0.35,0.268741924943285
464,EEG_Z39M69N100,10,2,70:30,LOG,2,0.65,0.17480147469502527
465,EEG_Z39M69N100,10,2,70:30,LOG,3,0.275,0.14191155304938669
466,EEG_Z39M69N100,10,2,70:30,SVC,2,0.65,0.12909944487358055
467,EEG_Z39M69N100,10,2,70:30,SVC,3,0.325,0.12076147288491199
468,EEG_Z39M69N100,10,4,LOO,RFC,2,0.4375,0.51234753829798
469,EEG_Z39M69N100,10,4,LOO,RFC,3,0.3125,0.47871355387816905
470,EEG_Z39M69N100,10,4,LOO,LOG,2,0.625,0.5
471,EEG_Z39M69N100,10,4,LOO,LOG,3,0.0625,0.25
472,EEG_Z39M69N100,10,4,LOO,SVC,2,0.4375,0.51234753829798
473,EEG_Z39M69N100,10,4,LOO,SVC,3,0.125,0.3415650255319866
474,EEG_Z39M69N100,10,4,80:20,RFC,2,0.5,0.1756820922315766
475,EEG_Z39M69N100,10,4,80:20,RFC,3,0.36666666666666664,0.18921540406584889
476,EEG_Z39M69N100,10,4,80:20,LOG,2,0.5,0.1756820922315766
477,EEG_Z39M69N100,10,4,80:20,LOG,3,0.16666666666666666,0.17568209223157663
478,EEG_Z39M69N100,10,4,80:20,SVC,2,0.36666666666666664,0.24595492912420727
479,EEG_Z39M69N100,10,4,80:20,SVC,3,0.16666666666666666,0.23570226039551584
480,EEG_Z39M69N100,10,4,70:30,RFC,2,0.6,0.31622776601683794
481,EEG_Z39M69N100,10,4,70:30,RFC,3,0.35,0.29344694769431684
482,EEG_Z39M69N100,10,4,70:30,LOG,2,0.65,0.17480147469502527
483,EEG_Z39M69N100,10,4,70:30,LOG,3,0.225,0.14191155304938669
484,EEG_Z39M69N100,10,4,70:30,SVC,2,0.5,0.23570226039551584
485,EEG_Z39M69N100,10,4,70:30,SVC,3,0.3,0.22973414586817037
486,EEG_Z39M69N100,10,6,LOO,RFC,2,0.5,0.5163977794943222
487,EEG_Z39M69N100,10,6,LOO,RFC,3,0.25,0.4472135954999579
488,EEG_Z39M69N100,10,6,LOO,LOG,2,0.625,0.5
489,EEG_Z39M69N100,10,6,LOO,LOG,3,0.0625,0.25
490,EEG_Z39M69N100,10,6,LOO,SVC,2,0.4375,0.51234753829798
491,EEG_Z39M69N100,10,6,LOO,SVC,3,0.25,0.4472135954999579
492,EEG_Z39M69N100,10,6,80:20,RFC,2,0.5666666666666667,0.2744242007828549
493,EEG_Z39M69N100,10,6,80:20,RFC,3,0.3,0.18921540406584889
494,EEG_Z39M69N100,10,6,80:20,LOG,2,0.5,0.1756820922315766
495,EEG_Z39M69N100,10,6,80:20,LOG,3,0.16666666666666666,0.17568209223157663
496,EEG_Z39M69N100,10,6,80:20,SVC,2,0.39999999999999997,0.2629368792488718
497,EEG_Z39M69N100,10,6,80:20,SVC,3,0.2333333333333333,0.2249828525701843
498,EEG_Z39M69N100,10,6,70:30,RFC,2,0.625,0.2429563289518875
499,EEG_Z39M69N100,10,6,70:30,RFC,3,0.3,0.3073181485764296
500,EEG_Z39M69N100,10,6,70:30,LOG,2,0.625,0.21245914639969937
501,EEG_Z39M69N100,10,6,70:30,LOG,3,0.225,0.07905694150420949
502,EEG_Z39M69N100,10,6,70:30,SVC,2,0.5,0.16666666666666666
503,EEG_Z39M69N100,10,6,70:30,SVC,3,0.325,0.20581815058714115
504,EEG_Z39M69N100,10,8,LOO,RFC,2,0.6875,0.47871355387816905
505,EEG_Z39M69N100,10,8,LOO,RFC,3,0.375,0.5
506,EEG_Z39M69N100,10,8,LOO,LOG,2,0.5,0.5163977794943222
507,EEG_Z39M69N100,10,8,LOO,LOG,3,0.3125,0.47871355387816905
508,EEG_Z39M69N100,10,8,LOO,SVC,2,0.375,0.5
509,EEG_Z39M69N100,10,8,LOO,SVC,3,0.3125,0.47871355387816905
510,EEG_Z39M69N100,10,8,80:20,RFC,2,0.6333333333333333,0.2459549291242073
511,EEG_Z39M69N100,10,8,80:20,RFC,3,0.36666666666666664,0.2918650119236377
512,EEG_Z39M69N100,10,8,80:20,LOG,2,0.4333333333333333,0.2249828525701843
513,EEG_Z39M69N100,10,8,80:20,LOG,3,0.19999999999999998,0.23306863292670035
514,EEG_Z39M69N100,10,8,80:20,SVC,2,0.4333333333333333,0.2249828525701843
515,EEG_Z39M69N100,10,8,80:20,SVC,3,0.2333333333333333,0.2249828525701843
516,EEG_Z39M69N100,10,8,70:30,RFC,2,0.7,0.22973414586817037
517,EEG_Z39M69N100,10,8,70:30,RFC,3,0.425,0.23717082451262844
518,EEG_Z39M69N100,10,8,70:30,LOG,2,0.6,0.17480147469502524
519,EEG_Z39M69N100,10,8,70:30,LOG,3,0.3,0.15811388300841897
520,EEG_Z39M69N100,10,8,70:30,SVC,2,0.525,0.14191155304938669
521,EEG_Z39M69N100,10,8,70:30,SVC,3,0.25,0.16666666666666666
522,EEG_Z39M69N100,10,10,LOO,RFC,2,0.625,0.5
523,EEG_Z39M69N100,10,10,LOO,RFC,3,0.375,0.5
524,EEG_Z39M69N100,10,10,LOO,LOG,2,0.4375,0.51234753829798
525,EEG_Z39M69N100,10,10,LOO,LOG,3,0.25,0.4472135954999579
526,EEG_Z39M69N100,10,10,LOO,SVC,2,0.4375,0.51234753829798
527,EEG_Z39M69N100,10,10,LOO,SVC,3,0.375,0.5
528,EEG_Z39M69N100,10,10,80:20,RFC,2,0.5333333333333333,0.23306863292670035
529,EEG_Z39M69N100,10,10,80:20,RFC,3,0.36666666666666664,0.24595492912420727
530,EEG_Z39M69N100,10,10,80:20,LOG,2,0.5666666666666667,0.2249828525701843
531,EEG_Z39M69N100,10,10,80:20,LOG,3,0.19999999999999998,0.23306863292670035
532,EEG_Z39M69N100,10,10,80:20,SVC,2,0.4333333333333333,0.2249828525701843
533,EEG_Z39M69N100,10,10,80:20,SVC,3,0.2333333333333333,0.2249828525701843
534,EEG_Z39M69N100,10,10,70:30,RFC,2,0.625,0.2429563289518875
535,EEG_Z39M69N100,10,10,70:30,RFC,3,0.5,0.23570226039551584
536,EEG_Z39M69N100,10,10,70:30,LOG,2,0.65,0.12909944487358055
537,EEG_Z39M69N100,10,10,70:30,LOG,3,0.375,0.13176156917368248
538,EEG_Z39M69N100,10,10,70:30,SVC,2,0.525,0.14191155304938669
539,EEG_Z39M69N100,10,10,70:30,SVC,3,0.275,0.14191155304938669
540,EEG_Z39S69N100,5,2,LOO,RFC,2,0.625,0.5
541,EEG_Z39S69N100,5,2,LOO,RFC,3,0.5,0.5163977794943222
542,EEG_Z39S69N100,5,2,LOO,LOG,2,0.625,0.5
543,EEG_Z39S69N100,5,2,LOO,LOG,3,0.0,0.0
544,EEG_Z39S69N100,5,2,LOO,SVC,2,0.375,0.5
545,EEG_Z39S69N100,5,2,LOO,SVC,3,0.1875,0.4031128874149275
546,EEG_Z39S69N100,5,2,80:20,RFC,2,0.39999999999999997,0.2788866755113585
547,EEG_Z39S69N100,5,2,80:20,RFC,3,0.3333333333333333,0.23570226039551584
548,EEG_Z39S69N100,5,2,80:20,LOG,2,0.6,0.27888667551135854
549,EEG_Z39S69N100,5,2,80:20,LOG,3,0.13333333333333333,0.18257418583505536
550,EEG_Z39S69N100,5,2,80:20,SVC,2,0.4666666666666667,0.380058475033046
551,EEG_Z39S69N100,5,2,80:20,SVC,3,0.06666666666666667,0.14907119849998599
552,EEG_Z39S69N100,5,2,70:30,RFC,2,0.65,0.2850438562747845
553,EEG_Z39S69N100,5,2,70:30,RFC,3,0.5,0.1767766952966369
554,EEG_Z39S69N100,5,2,70:30,LOG,2,0.6,0.33541019662496846
555,EEG_Z39S69N100,5,2,70:30,LOG,3,0.2,0.11180339887498948
556,EEG_Z39S69N100,5,2,70:30,SVC,2,0.6,0.13693063937629152
557,EEG_Z39S69N100,5,2,70:30,SVC,3,0.25,0.1767766952966369
558,EEG_Z39S69N100,5,4,LOO,RFC,2,0.625,0.5
559,EEG_Z39S69N100,5,4,LOO,RFC,3,0.5,0.5163977794943222
560,EEG_Z39S69N100,5,4,LOO,LOG,2,0.625,0.5
561,EEG_Z39S69N100,5,4,LOO,LOG,3,0.0,0.0
562,EEG_Z39S69N100,5,4,LOO,SVC,2,0.625,0.5
563,EEG_Z39S69N100,5,4,LOO,SVC,3,0.5,0.5163977794943222
564,EEG_Z39S69N100,5,4,80:20,RFC,2,0.5333333333333333,0.18257418583505536
565,EEG_Z39S69N100,5,4,80:20,RFC,3,0.5333333333333333,0.18257418583505536
566,EEG_Z39S69N100,5,4,80:20,LOG,2,0.6,0.27888667551135854
567,EEG_Z39S69N100,5,4,80:20,LOG,3,0.13333333333333333,0.18257418583505536
568,EEG_Z39S69N100,5,4,80:20,SVC,2,0.6,0.27888667551135854
569,EEG_Z39S69N100,5,4,80:20,SVC,3,0.39999999999999997,0.14907119849998596
570,EEG_Z39S69N100,5,4,70:30,RFC,2,0.5,0.1767766952966369
571,EEG_Z39S69N100,5,4,70:30,RFC,3,0.6,0.2850438562747845
572,EEG_Z39S69N100,5,4,70:30,LOG,2,0.65,0.22360679774997896
573,EEG_Z39S69N100,5,4,70:30,LOG,3,0.3,0.27386127875258304
574,EEG_Z39S69N100,5,4,70:30,SVC,2,0.7,0.27386127875258304
575,EEG_Z39S69N100,5,4,70:30,SVC,3,0.45,0.2091650066335189
576,EEG_Z39S69N100,5,6,LOO,RFC,2,0.5625,0.51234753829798
577,EEG_Z39S69N100,5,6,LOO,RFC,3,0.5625,0.51234753829798
578,EEG_Z39S69N100,5,6,LOO,LOG,2,0.625,0.5
579,EEG_Z39S69N100,5,6,LOO,LOG,3,0.25,0.4472135954999579
580,EEG_Z39S69N100,5,6,LOO,SVC,2,0.5,0.5163977794943222
581,EEG_Z39S69N100,5,6,LOO,SVC,3,0.4375,0.51234753829798
582,EEG_Z39S69N100,5,6,80:20,RFC,2,0.5333333333333333,0.18257418583505536
583,EEG_Z39S69N100,5,6,80:20,RFC,3,0.4666666666666666,0.18257418583505536
584,EEG_Z39S69N100,5,6,80:20,LOG,2,0.6,0.27888667551135854
585,EEG_Z39S69N100,5,6,80:20,LOG,3,0.19999999999999998,0.29814239699997197
586,EEG_Z39S69N100,5,6,80:20,SVC,2,0.39999999999999997,0.2788866755113585
587,EEG_Z39S69N100,5,6,80:20,SVC,3,0.39999999999999997,0.14907119849998596
588,EEG_Z39S69N100,5,6,70:30,RFC,2,0.5,0.25
589,EEG_Z39S69N100,5,6,70:30,RFC,3,0.5,0.39528470752104744
590,EEG_Z39S69N100,5,6,70:30,LOG,2,0.7,0.27386127875258304
591,EEG_Z39S69N100,5,6,70:30,LOG,3,0.35,0.3791437722025775
592,EEG_Z39S69N100,5,6,70:30,SVC,2,0.6,0.22360679774997896
593,EEG_Z39S69N100,5,6,70:30,SVC,3,0.45,0.2091650066335189
594,EEG_Z39S69N100,5,8,LOO,RFC,2,0.5625,0.51234753829798
595,EEG_Z39S69N100,5,8,LOO,RFC,3,0.5625,0.51234753829798
596,EEG_Z39S69N100,5,8,LOO,LOG,2,0.5,0.5163977794943222
597,EEG_Z39S69N100,5,8,LOO,LOG,3,0.1875,0.4031128874149275
598,EEG_Z39S69N100,5,8,LOO,SVC,2,0.375,0.5
599,EEG_Z39S69N100,5,8,LOO,SVC,3,0.4375,0.51234753829798
600,EEG_Z39S69N100,5,8,80:20,RFC,2,0.4666666666666666,0.18257418583505536
601,EEG_Z39S69N100,5,8,80:20,RFC,3,0.4666666666666666,0.18257418583505536
602,EEG_Z39S69N100,5,8,80:20,LOG,2,0.5333333333333333,0.29814239699997197
603,EEG_Z39S69N100,5,8,80:20,LOG,3,0.19999999999999998,0.29814239699997197
604,EEG_Z39S69N100,5,8,80:20,SVC,2,0.39999999999999997,0.2788866755113585
605,EEG_Z39S69N100,5,8,80:20,SVC,3,0.3333333333333333,0.23570226039551584
606,EEG_Z39S69N100,5,8,70:30,RFC,2,0.5,0.25
607,EEG_Z39S69N100,5,8,70:30,RFC,3,0.5,0.39528470752104744
608,EEG_Z39S69N100,5,8,70:30,LOG,2,0.7,0.11180339887498948
609,EEG_Z39S69N100,5,8,70:30,LOG,3,0.3,0.2091650066335189
610,EEG_Z39S69N100,5,8,70:30,SVC,2,0.55,0.32596012026013244
611,EEG_Z39S69N100,5,8,70:30,SVC,3,0.4,0.13693063937629152
612,EEG_Z39S69N100,5,10,LOO,RFC,2,0.5,0.5163977794943222
613,EEG_Z39S69N100,5,10,LOO,RFC,3,0.4375,0.51234753829798
614,EEG_Z39S69N100,5,10,LOO,LOG,2,0.625,0.5
615,EEG_Z39S69N100,5,10,LOO,LOG,3,0.375,0.5
616,EEG_Z39S69N100,5,10,LOO,SVC,2,0.4375,0.51234753829798
617,EEG_Z39S69N100,5,10,LOO,SVC,3,0.4375,0.51234753829798
618,EEG_Z39S69N100,5,10,80:20,RFC,2,0.39999999999999997,0.14907119849998596
619,EEG_Z39S69N100,5,10,80:20,RFC,3,0.3333333333333333,0.23570226039551584
620,EEG_Z39S69N100,5,10,80:20,LOG,2,0.5333333333333333,0.29814239699997197
621,EEG_Z39S69N100,5,10,80:20,LOG,3,0.06666666666666667,0.14907119849998599
622,EEG_Z39S69N100,5,10,80:20,SVC,2,0.3333333333333333,0.23570226039551584
623,EEG_Z39S69N100,5,10,80:20,SVC,3,0.3333333333333333,0.23570226039551584
624,EEG_Z39S69N100,5,10,70:30,RFC,2,0.45,0.2091650066335189
625,EEG_Z39S69N100,5,10,70:30,RFC,3,0.4,0.37914377220257756
626,EEG_Z39S69N100,5,10,70:30,LOG,2,0.65,0.13693063937629152
627,EEG_Z39S69N100,5,10,70:30,LOG,3,0.3,0.11180339887498948
628,EEG_Z39S69N100,5,10,70:30,SVC,2,0.45,0.2091650066335189
629,EEG_Z39S69N100,5,10,70:30,SVC,3,0.4,0.13693063937629152
630,EEG_Z39S69N100,10,2,LOO,RFC,2,0.625,0.5
631,EEG_Z39S69N100,10,2,LOO,RFC,3,0.5,0.5163977794943222
632,EEG_Z39S69N100,10,2,LOO,LOG,2,0.625,0.5
633,EEG_Z39S69N100,10,2,LOO,LOG,3,0.0,0.0
634,EEG_Z39S69N100,10,2,LOO,SVC,2,0.375,0.5
635,EEG_Z39S69N100,10,2,LOO,SVC,3,0.1875,0.4031128874149275
636,EEG_Z39S69N100,10,2,80:20,RFC,2,0.6,0.3063121944908938
637,EEG_Z39S69N100,10,2,80:20,RFC,3,0.4666666666666667,0.2810913475705226
638,EEG_Z39S69N100,10,2,80:20,LOG,2,0.6333333333333333,0.2459549291242073
639,EEG_Z39S69N100,10,2,80:20,LOG,3,0.19999999999999998,0.17213259316477408
640,EEG_Z39S69N100,10,2,80:20,SVC,2,0.4333333333333333,0.31622776601683794
641,EEG_Z39S69N100,10,2,80:20,SVC,3,0.13333333333333333,0.17213259316477408
642,EEG_Z39S69N100,10,2,70:30,RFC,2,0.575,0.23717082451262844
643,EEG_Z39S69N100,10,2,70:30,RFC,3,0.425,0.1687371394276382
644,EEG_Z39S69N100,10,2,70:30,LOG,2,0.65,0.24152294576982397
645,EEG_Z39S69N100,10,2,70:30,LOG,3,0.225,0.07905694150420949
646,EEG_Z39S69N100,10,2,70:30,SVC,2,0.575,0.12076147288491199
647,EEG_Z39S69N100,10,2,70:30,SVC,3,0.25,0.11785113019775792
648,EEG_Z39S69N100,10,4,LOO,RFC,2,0.625,0.5
649,EEG_Z39S69N100,10,4,LOO,RFC,3,0.5,0.5163977794943222
650,EEG_Z39S69N100,10,4,LOO,LOG,2,0.625,0.5
651,EEG_Z39S69N100,10,4,LOO,LOG,3,0.0,0.0
652,EEG_Z39S69N100,10,4,LOO,SVC,2,0.625,0.5
653,EEG_Z39S69N100,10,4,LOO,SVC,3,0.5,0.5163977794943222
654,EEG_Z39S69N100,10,4,80:20,RFC,2,0.6333333333333333,0.1892154040658489
655,EEG_Z39S69N100,10,4,80:20,RFC,3,0.6,0.1405456737852613
656,EEG_Z39S69N100,10,4,80:20,LOG,2,0.6333333333333333,0.2459549291242073
657,EEG_Z39S69N100,10,4,80:20,LOG,3,0.19999999999999998,0.17213259316477408
658,EEG_Z39S69N100,10,4,80:20,SVC,2,0.6666666666666666,0.3142696805273545
659,EEG_Z39S69N100,10,4,80:20,SVC,3,0.5,0.1756820922315766
660,EEG_Z39S69N100,10,4,70:30,RFC,2,0.6,0.17480147469502524
661,EEG_Z39S69N100,10,4,70:30,RFC,3,0.625,0.21245914639969937
662,EEG_Z39S69N100,10,4,70:30,LOG,2,0.675,0.1687371394276382
663,EEG_Z39S69N100,10,4,70:30,LOG,3,0.325,0.20581815058714115
664,EEG_Z39S69N100,10,4,70:30,SVC,2,0.7,0.19720265943665388
665,EEG_Z39S69N100,10,4,70:30,SVC,3,0.55,0.22973414586817037
666,EEG_Z39S69N100,10,6,LOO,RFC,2,0.5625,0.51234753829798
667,EEG_Z39S69N100,10,6,LOO,RFC,3,0.5625,0.51234753829798
668,EEG_Z39S69N100,10,6,LOO,LOG,2,0.625,0.5
669,EEG_Z39S69N100,10,6,LOO,LOG,3,0.25,0.4472135954999579
670,EEG_Z39S69N100,10,6,LOO,SVC,2,0.5,0.5163977794943222
671,EEG_Z39S69N100,10,6,LOO,SVC,3,0.4375,0.51234753829798
672,EEG_Z39S69N100,10,6,80:20,RFC,2,0.6333333333333333,0.1892154040658489
673,EEG_Z39S69N100,10,6,80:20,RFC,3,0.5666666666666667,0.16101529717988264
674,EEG_Z39S69N100,10,6,80:20,LOG,2,0.6333333333333333,0.2459549291242073
675,EEG_Z39S69N100,10,6,80:20,LOG,3,0.26666666666666666,0.2629368792488718
676,EEG_Z39S69N100,10,6,80:20,SVC,2,0.5333333333333333,0.32203059435976533
677,EEG_Z39S69N100,10,6,80:20,SVC,3,0.4333333333333333,0.16101529717988264
678,EEG_Z39S69N100,10,6,70:30,RFC,2,0.55,0.19720265943665388
679,EEG_Z39S69N100,10,6,70:30,RFC,3,0.6,0.29344694769431684
680,EEG_Z39S69N100,10,6,70:30,LOG,2,0.7,0.19720265943665388
681,EEG_Z39S69N100,10,6,70:30,LOG,3,0.375,0.27003086243366087
682,EEG_Z39S69N100,10,6,70:30,SVC,2,0.65,0.17480147469502527
683,EEG_Z39S69N100,10,6,70:30,SVC,3,0.525,0.21889875894272828
684,EEG_Z39S69N100,10,8,LOO,RFC,2,0.5625,0.51234753829798
685,EEG_Z39S69N100,10,8,LOO,RFC,3,0.5625,0.51234753829798
686,EEG_Z39S69N100,10,8,LOO,LOG,2,0.5,0.5163977794943222
687,EEG_Z39S69N100,10,8,LOO,LOG,3,0.1875,0.4031128874149275
688,EEG_Z39S69N100,10,8,LOO,SVC,2,0.375,0.5
689,EEG_Z39S69N100,10,8,LOO,SVC,3,0.4375,0.51234753829798
690,EEG_Z39S69N100,10,8,80:20,RFC,2,0.6,0.21081851067789195
691,EEG_Z39S69N100,10,8,80:20,RFC,3,0.5666666666666667,0.16101529717988264
692,EEG_Z39S69N100,10,8,80:20,LOG,2,0.5666666666666667,0.2744242007828549
693,EEG_Z39S69N100,10,8,80:20,LOG,3,0.3333333333333333,0.31426968052735443
694,EEG_Z39S69N100,10,8,80:20,SVC,2,0.5333333333333333,0.32203059435976533
695,EEG_Z39S69N100,10,8,80:20,SVC,3,0.4666666666666666,0.23306863292670035
696,EEG_Z39S69N100,10,8,70:30,RFC,2,0.575,0.20581815058714115
697,EEG_Z39S69N100,10,8,70:30,RFC,3,0.6,0.29344694769431684
698,EEG_Z39S69N100,10,8,70:30,LOG,2,0.675,0.12076147288491199
699,EEG_Z39S69N100,10,8,70:30,LOG,3,0.325,0.1687371394276382
700,EEG_Z39S69N100,10,8,70:30,SVC,2,0.625,0.2429563289518875
701,EEG_Z39S69N100,10,8,70:30,SVC,3,0.5,0.2041241452319315
702,EEG_Z39S69N100,10,10,LOO,RFC,2,0.5,0.5163977794943222
703,EEG_Z39S69N100,10,10,LOO,RFC,3,0.4375,0.51234753829798
704,EEG_Z39S69N100,10,10,LOO,LOG,2,0.625,0.5
705,EEG_Z39S69N100,10,10,LOO,LOG,3,0.375,0.5
706,EEG_Z39S69N100,10,10,LOO,SVC,2,0.4375,0.51234753829798
707,EEG_Z39S69N100,10,10,LOO,SVC,3,0.4375,0.51234753829798
708,EEG_Z39S69N100,10,10,80:20,RFC,2,0.5333333333333333,0.23306863292670035
709,EEG_Z39S69N100,10,10,80:20,RFC,3,0.4333333333333333,0.2249828525701843
710,EEG_Z39S69N100,10,10,80:20,LOG,2,0.6,0.2629368792488718
711,EEG_Z39S69N100,10,10,80:20,LOG,3,0.23333333333333334,0.3531166351571267
712,EEG_Z39S69N100,10,10,80:20,SVC,2,0.5,0.28327886186626583
713,EEG_Z39S69N100,10,10,80:20,SVC,3,0.5,0.23570226039551584
714,EEG_Z39S69N100,10,10,70:30,RFC,2,0.575,0.23717082451262844
715,EEG_Z39S69N100,10,10,70:30,RFC,3,0.425,0.2898754521821014
716,EEG_Z39S69N100,10,10,70:30,LOG,2,0.675,0.12076147288491199
717,EEG_Z39S69N100,10,10,70:30,LOG,3,0.35,0.17480147469502527
718,EEG_Z39S69N100,10,10,70:30,SVC,2,0.525,0.18446619684315546
719,EEG_Z39S69N100,10,10,70:30,SVC,3,0.5,0.16666666666666666
